{"cameraMode":{"drawMode":0,"name":"Shaded","section":"Shading Mode"},"sceneLighting":true,"audioPlay":false,"sceneViewState":{"showFog":true,"showMaterialUpdate":false,"showSkybox":true,"showFlares":true,"showImageEffects":true,"showParticleSystems":true},"in2DMode":false,"pivot":{"x":36.9769287109375,"y":-9.462753295898438,"z":27.886091232299806},"rotation":{"x":0.26009249687194826,"y":0.3556322753429413,"z":-0.10373232513666153,"w":0.891694188117981},"size":10.992025375366211,"orthographic":false}