{"cameraMode":{"drawMode":0,"name":"Shaded","section":"Shading Mode"},"sceneLighting":false,"audioPlay":false,"sceneViewState":{"showFog":true,"showMaterialUpdate":false,"showSkybox":false,"showFlares":true,"showImageEffects":true,"showParticleSystems":true},"in2DMode":false,"pivot":{"x":90.83943176269531,"y":14.327973365783692,"z":204.90489196777345},"rotation":{"x":0.040086232125759128,"y":0.6229036450386047,"z":-0.031992021948099139,"w":0.7806218266487122},"size":1.5015854835510255,"orthographic":false}