{"cameraMode":{"drawMode":0,"name":"Shaded","section":"Shading Mode"},"sceneLighting":false,"audioPlay":false,"sceneViewState":{"showFog":true,"showMaterialUpdate":false,"showSkybox":false,"showFlares":true,"showImageEffects":true,"showParticleSystems":true},"in2DMode":false,"pivot":{"x":78.92337036132813,"y":21.258058547973634,"z":191.85745239257813},"rotation":{"x":0.10122610628604889,"y":-0.5166259407997131,"z":0.06166776642203331,"w":0.8479737639427185},"size":3.9899818897247316,"orthographic":false}