{"cameraMode":{"drawMode":0,"name":"Shaded","section":"Shading Mode"},"sceneLighting":false,"audioPlay":false,"sceneViewState":{"showFog":true,"showMaterialUpdate":false,"showSkybox":false,"showFlares":true,"showImageEffects":true,"showParticleSystems":true},"in2DMode":false,"pivot":{"x":-49.62046813964844,"y":31.59514617919922,"z":36.86556625366211},"rotation":{"x":0.10794597864151001,"y":0.8533887267112732,"z":-0.195600688457489,"w":0.47098755836486819},"size":0.9567152857780457,"orthographic":false}