{"cameraMode":{"drawMode":0,"name":"Shaded","section":"Shading Mode"},"sceneLighting":true,"audioPlay":false,"sceneViewState":{"showFog":true,"showMaterialUpdate":false,"showSkybox":true,"showFlares":true,"showImageEffects":true,"showParticleSystems":true},"in2DMode":false,"pivot":{"x":55.72226333618164,"y":-34.45393753051758,"z":25.718502044677736},"rotation":{"x":0.04223969206213951,"y":0.9261736869812012,"z":-0.358494371175766,"w":0.10914506018161774},"size":36.29096984863281,"orthographic":false}