{"cameraMode":{"drawMode":0,"name":"Shaded","section":"Shading Mode"},"sceneLighting":true,"audioPlay":false,"sceneViewState":{"showFog":true,"showMaterialUpdate":false,"showSkybox":true,"showFlares":true,"showImageEffects":true,"showParticleSystems":true},"in2DMode":false,"pivot":{"x":79.9046401977539,"y":20.855133056640626,"z":75.56560516357422},"rotation":{"x":-0.020533528178930284,"y":-0.9767690300941467,"z":0.1703820824623108,"w":-0.13717567920684815},"size":1.3134350776672364,"orthographic":false}