{"cameraMode":{"drawMode":0,"name":"Shaded","section":"Shading Mode"},"sceneLighting":true,"audioPlay":false,"sceneViewState":{"showFog":true,"showMaterialUpdate":false,"showSkybox":true,"showFlares":true,"showImageEffects":true,"showParticleSystems":true},"in2DMode":false,"pivot":{"x":58.151065826416019,"y":11.48932933807373,"z":33.88751220703125},"rotation":{"x":0.07434753328561783,"y":0.2069716453552246,"z":0.019523795694112779,"w":-0.9765345454216003},"size":4.787143707275391,"orthographic":false}