{"cameraMode":{"drawMode":0,"name":"Shaded","section":"Shading Mode"},"sceneLighting":false,"audioPlay":false,"sceneViewState":{"showFog":true,"showMaterialUpdate":false,"showSkybox":false,"showFlares":true,"showImageEffects":true,"showParticleSystems":true},"in2DMode":false,"pivot":{"x":-0.005065321922302246,"y":0.43546879291534426,"z":-0.003726959228515625},"rotation":{"x":-0.5034601092338562,"y":0.03940938785672188,"z":-0.02074912190437317,"w":-0.8635939955711365},"size":1.4978907108306885,"orthographic":false}