{"cameraMode":{"drawMode":0,"name":"Shaded","section":"Shading Mode"},"sceneLighting":false,"audioPlay":false,"sceneViewState":{"showFog":true,"showMaterialUpdate":false,"showSkybox":false,"showFlares":true,"showImageEffects":true,"showParticleSystems":true},"in2DMode":false,"pivot":{"x":-0.019632041454315187,"y":0.3831198811531067,"z":0.011646628379821778},"rotation":{"x":-0.2819157540798187,"y":0.06908813863992691,"z":-0.018403178080916406,"w":-0.9574215412139893},"size":1.7231017351150513,"orthographic":false}