{"cameraMode":{"drawMode":0,"name":"Shaded","section":"Shading Mode"},"sceneLighting":true,"audioPlay":false,"sceneViewState":{"showFog":true,"showMaterialUpdate":false,"showSkybox":true,"showFlares":true,"showImageEffects":true,"showParticleSystems":true},"in2DMode":false,"pivot":{"x":115.39928436279297,"y":43.00704574584961,"z":76.63330841064453},"rotation":{"x":0.003559900913387537,"y":0.998556911945343,"z":-0.05215147137641907,"w":0.0479859821498394},"size":4.906040668487549,"orthographic":false}