{"cameraMode":{"drawMode":0,"name":"Shaded","section":"Shading Mode"},"sceneLighting":false,"audioPlay":false,"sceneViewState":{"showFog":true,"showMaterialUpdate":false,"showSkybox":false,"showFlares":true,"showImageEffects":true,"showParticleSystems":true},"in2DMode":false,"pivot":{"x":-1.678909182548523,"y":2.487928628921509,"z":1.226863980293274},"rotation":{"x":-0.3897455334663391,"y":-0.5762943029403687,"z":0.3620326519012451,"w":-0.6208651661872864},"size":5.8274455070495609,"orthographic":false}