{"cameraMode":{"drawMode":0,"name":"Shaded","section":"Shading Mode"},"sceneLighting":false,"audioPlay":false,"sceneViewState":{"showFog":true,"showMaterialUpdate":false,"showSkybox":false,"showFlares":true,"showImageEffects":true,"showParticleSystems":true},"in2DMode":false,"pivot":{"x":49.599998474121097,"y":1.6700000762939454,"z":6.059999942779541},"rotation":{"x":0.02100241556763649,"y":0.8864622116088867,"z":0.03675420209765434,"w":-0.4631412625312805},"size":1.2247449159622193,"orthographic":false}