{"cameraMode":{"drawMode":0,"name":"Shaded","section":"Shading Mode"},"sceneLighting":false,"audioPlay":false,"sceneViewState":{"showFog":true,"showMaterialUpdate":false,"showSkybox":false,"showFlares":true,"showImageEffects":true,"showParticleSystems":true},"in2DMode":false,"pivot":{"x":-0.8180103302001953,"y":7.055475234985352,"z":0.24282008409500123},"rotation":{"x":0.15024487674236298,"y":-0.7062571048736572,"z":0.15284129977226258,"w":0.676424503326416},"size":6.91268253326416,"orthographic":false}