{"cameraMode":{"drawMode":0,"name":"Shaded","section":"Shading Mode"},"sceneLighting":true,"audioPlay":false,"sceneViewState":{"showFog":true,"showMaterialUpdate":false,"showSkybox":true,"showFlares":true,"showImageEffects":true,"showParticleSystems":true},"in2DMode":false,"pivot":{"x":103.30032348632813,"y":222.55657958984376,"z":-392.9688720703125},"rotation":{"x":0.005290707107633352,"y":0.9809507131576538,"z":0.1985856592655182,"w":-0.01924770139157772},"size":250.5053253173828,"orthographic":false}