{"cameraMode":{"drawMode":0,"name":"Shaded","section":"Shading Mode"},"sceneLighting":true,"audioPlay":false,"sceneViewState":{"showFog":true,"showMaterialUpdate":false,"showSkybox":true,"showFlares":true,"showImageEffects":true,"showParticleSystems":true},"in2DMode":false,"pivot":{"x":53.370426177978519,"y":1.883877158164978,"z":26.22597312927246},"rotation":{"x":-0.06740572303533554,"y":-0.18589560687541963,"z":0.013235416263341904,"w":-0.9804732799530029},"size":4.9811930656433109,"orthographic":false}