{"cameraMode":{"drawMode":0,"name":"Shaded","section":"Shading Mode"},"sceneLighting":true,"audioPlay":false,"sceneViewState":{"showFog":true,"showMaterialUpdate":false,"showSkybox":true,"showFlares":true,"showImageEffects":true,"showParticleSystems":true},"in2DMode":false,"pivot":{"x":-17.852508544921876,"y":-143.98245239257813,"z":-27.554943084716798},"rotation":{"x":0.23140934109687806,"y":-0.7642356753349304,"z":0.4733351767063141,"w":0.37279030680656435},"size":107.89055633544922,"orthographic":false}