{"cameraMode":{"drawMode":0,"name":"Shaded","section":"Shading Mode"},"sceneLighting":false,"audioPlay":false,"sceneViewState":{"showFog":true,"showMaterialUpdate":false,"showSkybox":false,"showFlares":true,"showImageEffects":true,"showParticleSystems":true},"in2DMode":false,"pivot":{"x":-68.06999969482422,"y":-30.3799991607666,"z":-76.88999938964844},"rotation":{"x":0.2694566547870636,"y":-0.13330107927322389,"z":0.040813855826854709,"w":0.9538956880569458},"size":0.8660253882408142,"orthographic":false}