{"cameraMode":{"drawMode":0,"name":"Shaded","section":"Shading Mode"},"sceneLighting":true,"audioPlay":false,"sceneViewState":{"showFog":true,"showMaterialUpdate":false,"showSkybox":true,"showFlares":true,"showImageEffects":true,"showParticleSystems":true},"in2DMode":false,"pivot":{"x":-10.796646118164063,"y":-118.66667175292969,"z":148.56619262695313},"rotation":{"x":-0.3519485890865326,"y":0.2894665002822876,"z":-0.11515414714813233,"w":-0.8829856514930725},"size":164.71238708496095,"orthographic":false}