{"cameraMode":{"drawMode":0,"name":"Shaded","section":"Shading Mode"},"sceneLighting":true,"audioPlay":false,"sceneViewState":{"showFog":true,"showMaterialUpdate":false,"showSkybox":true,"showFlares":true,"showImageEffects":true,"showParticleSystems":true},"in2DMode":false,"pivot":{"x":114.5319595336914,"y":-2.8296890258789064,"z":75.6282958984375},"rotation":{"x":0.037256140261888507,"y":0.9176520109176636,"z":-0.08865092694759369,"w":0.3855999708175659},"size":38.204078674316409,"orthographic":false}
