{"cameraMode":{"drawMode":0,"name":"Shaded","section":"Shading Mode"},"sceneLighting":false,"audioPlay":false,"sceneViewState":{"showFog":true,"showMaterialUpdate":false,"showSkybox":false,"showFlares":true,"showImageEffects":true,"showParticleSystems":true},"in2DMode":false,"pivot":{"x":111.84290313720703,"y":21.160247802734376,"z":38.67817687988281},"rotation":{"x":-0.2994602620601654,"y":-0.5920842289924622,"z":0.25394198298454287,"w":-0.7046433687210083},"size":8.388931274414063,"orthographic":false}