{"cameraMode":{"drawMode":0,"name":"Shaded","section":"Shading Mode"},"sceneLighting":false,"audioPlay":false,"sceneViewState":{"showFog":true,"showMaterialUpdate":false,"showSkybox":false,"showFlares":true,"showImageEffects":true,"showParticleSystems":true},"in2DMode":false,"pivot":{"x":-0.6048390865325928,"y":0.5860466957092285,"z":0.14229565858840943},"rotation":{"x":-0.19416743516921998,"y":0.7530333995819092,"z":-0.2506399154663086,"w":-0.5785440802574158},"size":2.126616954803467,"orthographic":false}