{"cameraMode":{"drawMode":0,"name":"Shaded","section":"Shading Mode"},"sceneLighting":false,"audioPlay":false,"sceneViewState":{"showFog":true,"showMaterialUpdate":false,"showSkybox":false,"showFlares":true,"showImageEffects":true,"showParticleSystems":true},"in2DMode":false,"pivot":{"x":-0.08055996894836426,"y":0.5946206450462341,"z":-0.07179272174835205},"rotation":{"x":0.5250012874603272,"y":-0.20673386752605439,"z":0.1306450515985489,"w":0.815994381904602},"size":1.4552712440490723,"orthographic":false}