{"cameraMode":{"drawMode":0,"name":"Shaded","section":"Shading Mode"},"sceneLighting":true,"audioPlay":false,"sceneViewState":{"showFog":true,"showMaterialUpdate":false,"showSkybox":true,"showFlares":true,"showImageEffects":true,"showParticleSystems":true},"in2DMode":false,"pivot":{"x":57.08047103881836,"y":50.471527099609378,"z":155.84535217285157},"rotation":{"x":0.09488783776760102,"y":0.8397217392921448,"z":-0.1534486562013626,"w":0.5140599608421326},"size":8.370841026306153,"orthographic":false}