{"cameraMode":{"drawMode":0,"name":"Shaded","section":"Shading Mode"},"sceneLighting":false,"audioPlay":false,"sceneViewState":{"showFog":true,"showMaterialUpdate":false,"showSkybox":false,"showFlares":true,"showImageEffects":true,"showParticleSystems":true},"in2DMode":false,"pivot":{"x":0.006296634674072266,"y":4.1343464851379398,"z":0.014073371887207032},"rotation":{"x":-0.03409688174724579,"y":-0.8496066927909851,"z":0.056157249957323077,"w":-0.5238687992095947},"size":4.808553218841553,"orthographic":false}