{"cameraMode":{"drawMode":0,"name":"Shaded","section":"Shading Mode"},"sceneLighting":false,"audioPlay":false,"sceneViewState":{"showFog":true,"showMaterialUpdate":false,"showSkybox":false,"showFlares":true,"showImageEffects":true,"showParticleSystems":true},"in2DMode":false,"pivot":{"x":205.3544464111328,"y":10.930541038513184,"z":151.17730712890626},"rotation":{"x":-0.41598185896873476,"y":-0.04098513349890709,"z":0.012164924293756485,"w":-0.9094633460044861},"size":2.452883243560791,"orthographic":false}