{"cameraMode":{"drawMode":0,"name":"Shaded","section":"Shading Mode"},"sceneLighting":true,"audioPlay":false,"sceneViewState":{"showFog":true,"showMaterialUpdate":false,"showSkybox":true,"showFlares":true,"showImageEffects":true,"showParticleSystems":true},"in2DMode":false,"pivot":{"x":47.75503158569336,"y":92.46082305908203,"z":196.6652069091797},"rotation":{"x":0.06080226972699165,"y":0.9047434329986572,"z":-0.4033183157444,"w":0.1297949105501175},"size":2.195214033126831,"orthographic":false}