{"cameraMode":{"drawMode":0,"name":"Shaded","section":"Shading Mode"},"sceneLighting":false,"audioPlay":false,"sceneViewState":{"showFog":true,"showMaterialUpdate":false,"showSkybox":false,"showFlares":true,"showImageEffects":true,"showParticleSystems":true},"in2DMode":false,"pivot":{"x":48.388675689697269,"y":1.3467395305633546,"z":13.773640632629395},"rotation":{"x":-0.14511901140213014,"y":0.8503462076187134,"z":-0.3958606719970703,"w":-0.3182658553123474},"size":4.602666854858398,"orthographic":false}