{"cameraMode":{"drawMode":0,"name":"Shaded","section":"Shading Mode"},"sceneLighting":true,"audioPlay":false,"sceneViewState":{"showFog":true,"showMaterialUpdate":false,"showSkybox":false,"showFlares":true,"showImageEffects":true,"showParticleSystems":true},"in2DMode":false,"pivot":{"x":2.6300764083862306,"y":13.243581771850586,"z":2.653278350830078},"rotation":{"x":-0.24606165289878846,"y":0.3242694139480591,"z":-0.08776029199361801,"w":-0.9091777801513672},"size":9.856934547424317,"orthographic":false}