{"cameraMode":{"drawMode":0,"name":"Shaded","section":"Shading Mode"},"sceneLighting":false,"audioPlay":false,"sceneViewState":{"showFog":true,"showMaterialUpdate":false,"showSkybox":false,"showFlares":true,"showImageEffects":true,"showParticleSystems":true},"in2DMode":false,"pivot":{"x":-0.005939602851867676,"y":0.07162793725728989,"z":-0.014490604400634766},"rotation":{"x":-0.03409688174724579,"y":-0.8496066927909851,"z":0.056157249957323077,"w":-0.5238687992095947},"size":0.9935356974601746,"orthographic":false}