{"cameraMode":{"drawMode":0,"name":"Shaded","section":"Shading Mode"},"sceneLighting":true,"audioPlay":false,"sceneViewState":{"showFog":true,"showMaterialUpdate":false,"showSkybox":true,"showFlares":true,"showImageEffects":true,"showParticleSystems":true},"in2DMode":false,"pivot":{"x":168.41746520996095,"y":-202.8195037841797,"z":-306.8016052246094},"rotation":{"x":0.023100202903151513,"y":0.9709504246711731,"z":-0.21434348821640016,"w":0.1066397875547409},"size":322.9412841796875,"orthographic":false}