{"cameraMode":{"drawMode":0,"name":"Shaded","section":"Shading Mode"},"sceneLighting":true,"audioPlay":false,"sceneViewState":{"showFog":true,"showMaterialUpdate":false,"showSkybox":true,"showFlares":true,"showImageEffects":true,"showParticleSystems":true},"in2DMode":false,"pivot":{"x":65.8263931274414,"y":-3.9037723541259767,"z":96.4805908203125},"rotation":{"x":0.10167767852544785,"y":0.8669613599777222,"z":-0.19836260378360749,"w":0.4464089572429657},"size":39.752017974853519,"orthographic":false}