{"cameraMode":{"drawMode":0,"name":"Shaded","section":"Shading Mode"},"sceneLighting":false,"audioPlay":false,"sceneViewState":{"showFog":true,"showMaterialUpdate":false,"showSkybox":false,"showFlares":true,"showImageEffects":true,"showParticleSystems":true},"in2DMode":false,"pivot":{"x":1.6787939071655274,"y":3.3816652297973635,"z":0.713836669921875},"rotation":{"x":0.025024021044373514,"y":0.9023231267929077,"z":-0.05589573457837105,"w":0.42811375856399538},"size":7.96376895904541,"orthographic":false}