{"cameraMode":{"drawMode":0,"name":"Shaded","section":"Shading Mode"},"sceneLighting":true,"audioPlay":false,"sceneViewState":{"showFog":true,"showMaterialUpdate":false,"showSkybox":true,"showFlares":true,"showImageEffects":true,"showParticleSystems":true},"in2DMode":false,"pivot":{"x":51.61000061035156,"y":2.4000000953674318,"z":31.579999923706056},"rotation":{"x":0.3091553747653961,"y":0.3583218455314636,"z":-0.12707515060901643,"w":0.8717219233512878},"size":11.411661148071289,"orthographic":false}