{"cameraMode":{"drawMode":0,"name":"Shaded","section":"Shading Mode"},"sceneLighting":false,"audioPlay":false,"sceneViewState":{"showFog":true,"showMaterialUpdate":false,"showSkybox":false,"showFlares":true,"showImageEffects":true,"showParticleSystems":true},"in2DMode":false,"pivot":{"x":4.697428226470947,"y":-0.16736364364624024,"z":0.07019615173339844},"rotation":{"x":-0.41598185896873476,"y":-0.04098513349890709,"z":0.012164924293756485,"w":-0.9094633460044861},"size":4.4973368644714359,"orthographic":false}