{"cameraMode":{"drawMode":0,"name":"Shaded","section":"Shading Mode"},"sceneLighting":true,"audioPlay":false,"sceneViewState":{"showFog":true,"showMaterialUpdate":false,"showSkybox":false,"showFlares":true,"showImageEffects":true,"showParticleSystems":true},"in2DMode":false,"pivot":{"x":-6.309910774230957,"y":6.067899703979492,"z":13.241111755371094},"rotation":{"x":-0.4524365961551666,"y":0.38078558444976809,"z":-0.22224515676498414,"w":-0.7751864194869995},"size":10.0,"orthographic":false}