{"cameraMode":{"drawMode":0,"name":"Shaded","section":"Shading Mode"},"sceneLighting":false,"audioPlay":false,"sceneViewState":{"showFog":true,"showMaterialUpdate":false,"showSkybox":false,"showFlares":true,"showImageEffects":true,"showParticleSystems":true},"in2DMode":false,"pivot":{"x":-2.270080327987671,"y":-1.6236696243286133,"z":0.9576025009155273},"rotation":{"x":-0.1405317485332489,"y":0.0997137576341629,"z":-0.02054375782608986,"w":-0.9858383536338806},"size":5.01177978515625,"orthographic":false}