{"cameraMode":{"drawMode":0,"name":"Shaded","section":"Shading Mode"},"sceneLighting":false,"audioPlay":false,"sceneViewState":{"showFog":true,"showMaterialUpdate":false,"showSkybox":false,"showFlares":true,"showImageEffects":true,"showParticleSystems":true},"in2DMode":false,"pivot":{"x":-5.842409610748291,"y":-3.7968244552612306,"z":-1.6059588193893433},"rotation":{"x":0.17285899817943574,"y":-0.8019524216651917,"z":0.27062225341796877,"w":0.5058575868606567},"size":11.538887977600098,"orthographic":false}