{"cameraMode":{"drawMode":0,"name":"Shaded","section":"Shading Mode"},"sceneLighting":false,"audioPlay":false,"sceneViewState":{"showFog":true,"showMaterialUpdate":false,"showSkybox":false,"showFlares":true,"showImageEffects":true,"showParticleSystems":true},"in2DMode":false,"pivot":{"x":-2.576648473739624,"y":3.190433979034424,"z":-4.388424873352051},"rotation":{"x":0.012606315314769745,"y":-0.9891573190689087,"z":0.13840250670909882,"w":0.06734912097454071},"size":8.266393661499024,"orthographic":false}