{"cameraMode":{"drawMode":0,"name":"Shaded","section":"Shading Mode"},"sceneLighting":true,"audioPlay":false,"sceneViewState":{"showFog":true,"showMaterialUpdate":false,"showSkybox":true,"showFlares":true,"showImageEffects":true,"showParticleSystems":true},"in2DMode":false,"pivot":{"x":133.0003204345703,"y":10.651535987854004,"z":-18.223163604736329},"rotation":{"x":-0.003622649237513542,"y":-0.921065628528595,"z":0.008576649241149426,"w":-0.38930544257164},"size":72.05938720703125,"orthographic":false}