{"cameraMode":{"drawMode":0,"name":"Shaded","section":"Shading Mode"},"sceneLighting":true,"audioPlay":false,"sceneViewState":{"showFog":true,"showMaterialUpdate":false,"showSkybox":true,"showFlares":true,"showImageEffects":true,"showParticleSystems":true},"in2DMode":false,"pivot":{"x":87.42728424072266,"y":3.5336151123046877,"z":204.96583557128907},"rotation":{"x":0.11137840896844864,"y":0.8461546301841736,"z":-0.483357310295105,"w":0.1950072944164276},"size":26.378705978393556,"orthographic":false}