{"cameraMode":{"drawMode":0,"name":"Shaded","section":"Shading Mode"},"sceneLighting":false,"audioPlay":false,"sceneViewState":{"showFog":true,"showMaterialUpdate":false,"showSkybox":false,"showFlares":true,"showImageEffects":true,"showParticleSystems":true},"in2DMode":false,"pivot":{"x":92.41487121582031,"y":17.4637508392334,"z":202.6031951904297},"rotation":{"x":0.030721262097358705,"y":0.9692436456680298,"z":-0.17787468433380128,"w":0.16737337410449983},"size":0.8243908286094666,"orthographic":false}