{"cameraMode":{"drawMode":0,"name":"Shaded","section":"Shading Mode"},"sceneLighting":true,"audioPlay":false,"sceneViewState":{"showFog":true,"showMaterialUpdate":false,"showSkybox":true,"showFlares":true,"showImageEffects":true,"showParticleSystems":true},"in2DMode":false,"pivot":{"x":92.99787902832031,"y":-6.584558486938477,"z":200.45790100097657},"rotation":{"x":-0.08131448179483414,"y":-0.8552208542823792,"z":0.14136220514774323,"w":-0.4919690191745758},"size":23.102828979492189,"orthographic":false}