{"cameraMode":{"drawMode":0,"name":"Shaded","section":"Shading Mode"},"sceneLighting":false,"audioPlay":false,"sceneViewState":{"showFog":true,"showMaterialUpdate":false,"showSkybox":false,"showFlares":true,"showImageEffects":true,"showParticleSystems":true},"in2DMode":false,"pivot":{"x":-0.27379322052001955,"y":1.2702069282531739,"z":1.4470716714859009},"rotation":{"x":0.26169678568840029,"y":-0.6349484324455261,"z":0.24249036610126496,"w":0.6852442026138306},"size":3.579561471939087,"orthographic":false}