{"cameraMode":{"drawMode":0,"name":"Shaded","section":"Shading Mode"},"sceneLighting":true,"audioPlay":false,"sceneViewState":{"showFog":true,"showMaterialUpdate":false,"showSkybox":false,"showFlares":true,"showImageEffects":true,"showParticleSystems":true},"in2DMode":false,"pivot":{"x":-7.375115871429443,"y":-3.517294406890869,"z":47.22932434082031},"rotation":{"x":0.1642443984746933,"y":-0.06093849986791611,"z":0.01016623992472887,"w":0.9844884276390076},"size":49.69997024536133,"orthographic":false}